https://www.timesnownews.com/	200
https://www.timesnowhindi.com/	200
https://www.etnownews.com/	200
https://www.timesnowmarathi.com/	200
https://www.zoomtventertainment.com/hindi	200
https://www.zoomtventertainment.com/#	200
https://www.zoomtventertainment.com/	200
https://www.zoomtventertainment.com/	200
https://www.zoomtventertainment.com/latest-news	200
https://www.zoomtventertainment.com/celebrity	200
https://www.zoomtventertainment.com/bollywood	200
https://www.zoomtventertainment.com/photos	200
https://www.zoomtventertainment.com/videos	200
https://www.zoomtventertainment.com/web-stories	200
https://www.zoomtventertainment.com/hollywood	200
https://www.zoomtventertainment.com/telly-talk	200
https://www.zoomtventertainment.com/web-series	200
https://www.zoomtventertainment.com/korean	200
https://www.zoomtventertainment.com/#	200
https://www.zoomtventertainment.com/live-tv	200
https://www.zoomtventertainment.com/latest-news	200
https://www.zoomtventertainment.com/celebrity	200
https://www.zoomtventertainment.com/bollywood	200
https://www.zoomtventertainment.com/photos	200
https://www.zoomtventertainment.com/photos/celebs	200
https://www.zoomtventertainment.com/videos	200
https://www.zoomtventertainment.com/videos/bollywood-news-gossips	200
https://www.zoomtventertainment.com/videos/tv-news	200
https://www.zoomtventertainment.com/videos/tv-shows	200
https://www.zoomtventertainment.com/videos/tv-serial-updates	200
https://www.zoomtventertainment.com/videos/specials	200
https://www.zoomtventertainment.com/videos/web-series	200
https://www.zoomtventertainment.com/videos/bollywood-movie-reviews	200
https://www.zoomtventertainment.com/web-stories	200
https://www.zoomtventertainment.com/web-stories/entertainment	200
https://www.zoomtventertainment.com/web-stories/lifestyle	200
https://www.zoomtventertainment.com/web-stories/astrology	200
https://www.zoomtventertainment.com/web-stories/celebrity	200
https://www.zoomtventertainment.com/web-stories/fashion	200
https://www.zoomtventertainment.com/web-stories/beauty	200
https://www.zoomtventertainment.com/web-stories/health	200
https://www.zoomtventertainment.com/web-stories/travel	200
https://www.zoomtventertainment.com/hollywood	200
https://www.zoomtventertainment.com/telly-talk	200
https://www.zoomtventertainment.com/web-series	200
https://www.zoomtventertainment.com/korean	200
https://www.zoomtventertainment.com/movies	200
